"first_of_month","second_business_day_exclude_holiday","sixth_business_day_exclude_holiday"
12/01/2020,12/03/2020,12/08/2020
01/01/2021,01/05/2021,01/08/2021
02/01/2021,02/03/2021,02/08/2021
03/01/2021,03/03/2021,03/08/2021
04/01/2021,04/05/2021,04/08/2021
05/01/2021,05/04/2021,05/07/2021
06/01/2021,06/03/2021,06/08/2021
07/01/2021,07/06/2021,07/09/2021
08/01/2021,08/03/2021,08/06/2021
09/01/2021,09/03/2021,09/09/2021
10/01/2021,10/05/2021,10/08/2021
11/01/2021,11/03/2021,11/08/2021
12/01/2021,12/03/2021,12/08/2021
01/01/2022,01/04/2022,01/07/2022
02/01/2022,02/03/2022,02/08/2022
03/01/2022,03/03/2022,03/08/2022
04/01/2022,04/05/2022,04/08/2022
05/01/2022,05/03/2022,05/06/2022
06/01/2022,06/03/2022,06/08/2022
07/01/2022,07/06/2022,07/11/2022
08/01/2022,08/03/2022,08/08/2022
09/01/2022,09/06/2022,09/09/2022
10/01/2022,10/04/2022,10/07/2022
11/01/2022,11/03/2022,11/08/2022
12/01/2022,12/05/2022,12/08/2022
01/01/2023,01/04/2023,01/09/2023
02/01/2023,02/03/2023,02/08/2023
03/01/2023,03/03/2023,03/08/2023
04/01/2023,04/04/2023,04/07/2023
05/01/2023,05/03/2023,05/08/2023
06/01/2023,06/05/2023,06/08/2023
07/01/2023,07/05/2023,07/10/2023
08/01/2023,08/03/2023,08/08/2023
09/01/2023,09/06/2023,09/11/2023
10/01/2023,10/03/2023,10/06/2023
11/01/2023,11/03/2023,11/08/2023
12/01/2023,12/05/2023,12/08/2023
01/01/2024,01/03/2024,01/08/2024
02/01/2024,02/05/2024,02/08/2024
03/01/2024,03/05/2024,03/08/2024
04/01/2024,04/03/2024,04/08/2024
05/01/2024,05/03/2024,05/08/2024
06/01/2024,06/04/2024,06/07/2024
07/01/2024,07/03/2024,07/09/2024
08/01/2024,08/05/2024,08/08/2024
09/01/2024,09/04/2024,09/09/2024
10/01/2024,10/03/2024,10/08/2024
11/01/2024,11/05/2024,11/08/2024
12/01/2024,12/03/2024,12/06/2024
01/01/2025,01/03/2025,01/08/2025
02/01/2025,02/04/2025,02/07/2025
03/01/2025,03/04/2025,03/07/2025
04/01/2025,04/03/2025,04/08/2025
05/01/2025,05/05/2025,05/08/2025
06/01/2025,06/03/2025,06/06/2025
07/01/2025,07/03/2025,07/09/2025
08/01/2025,08/05/2025,08/08/2025
09/01/2025,09/03/2025,09/08/2025
10/01/2025,10/03/2025,10/08/2025
11/01/2025,11/04/2025,11/07/2025
12/01/2025,12/03/2025,12/08/2025
01/01/2026,01/05/2026,01/08/2026
02/01/2026,02/03/2026,02/06/2026
03/01/2026,03/03/2026,03/06/2026
04/01/2026,04/03/2026,04/08/2026
05/01/2026,05/05/2026,05/08/2026
06/01/2026,06/03/2026,06/08/2026
07/01/2026,07/06/2026,07/09/2026
08/01/2026,08/04/2026,08/07/2026
09/01/2026,09/03/2026,09/09/2026
10/01/2026,10/05/2026,10/08/2026
11/01/2026,11/03/2026,11/06/2026
12/01/2026,12/03/2026,12/08/2026
01/01/2027,01/05/2027,01/08/2027
02/01/2027,02/03/2027,02/08/2027
03/01/2027,03/03/2027,03/08/2027
04/01/2027,04/05/2027,04/08/2027
05/01/2027,05/04/2027,05/07/2027
06/01/2027,06/03/2027,06/08/2027
07/01/2027,07/06/2027,07/09/2027
08/01/2027,08/03/2027,08/06/2027
09/01/2027,09/03/2027,09/09/2027
10/01/2027,10/05/2027,10/08/2027
11/01/2027,11/03/2027,11/08/2027
12/01/2027,12/03/2027,12/08/2027
01/01/2028,01/04/2028,01/07/2028
02/01/2028,02/03/2028,02/08/2028
03/01/2028,03/03/2028,03/08/2028
04/01/2028,04/04/2028,04/07/2028
05/01/2028,05/03/2028,05/08/2028
06/01/2028,06/05/2028,06/08/2028
07/01/2028,07/05/2028,07/10/2028
08/01/2028,08/03/2028,08/08/2028
09/01/2028,09/06/2028,09/11/2028
10/01/2028,10/03/2028,10/06/2028
11/01/2028,11/03/2028,11/08/2028
12/01/2028,12/05/2028,12/08/2028
01/01/2029,01/03/2029,01/08/2029
02/01/2029,02/05/2029,02/08/2029
03/01/2029,03/05/2029,03/08/2029
04/01/2029,04/03/2029,04/06/2029
05/01/2029,05/03/2029,05/08/2029
06/01/2029,06/05/2029,06/08/2029
07/01/2029,07/03/2029,07/09/2029
08/01/2029,08/03/2029,08/08/2029
09/01/2029,09/05/2029,09/10/2029
10/01/2029,10/03/2029,10/08/2029
11/01/2029,11/05/2029,11/08/2029
12/01/2029,12/04/2029,12/07/2029
01/01/2030,01/03/2030,01/08/2030
02/01/2030,02/05/2030,02/08/2030
03/01/2030,03/05/2030,03/08/2030
04/01/2030,04/03/2030,04/08/2030
05/01/2030,05/03/2030,05/08/2030
06/01/2030,06/04/2030,06/07/2030
07/01/2030,07/03/2030,07/09/2030
08/01/2030,08/05/2030,08/08/2030
09/01/2030,09/04/2030,09/09/2030
10/01/2030,10/03/2030,10/08/2030
11/01/2030,11/05/2030,11/08/2030
12/01/2030,12/03/2030,12/06/2030
01/01/2031,01/03/2031,01/08/2031
02/01/2031,02/04/2031,02/07/2031
03/01/2031,03/04/2031,03/07/2031
04/01/2031,04/03/2031,04/08/2031
05/01/2031,05/05/2031,05/08/2031
06/01/2031,06/03/2031,06/06/2031
07/01/2031,07/03/2031,07/09/2031
08/01/2031,08/05/2031,08/08/2031
09/01/2031,09/03/2031,09/08/2031
10/01/2031,10/03/2031,10/08/2031
11/01/2031,11/04/2031,11/07/2031
12/01/2031,12/03/2031,12/08/2031
01/01/2032,01/05/2032,01/08/2032
02/01/2032,02/03/2032,02/06/2032
03/01/2032,03/03/2032,03/08/2032
04/01/2032,04/05/2032,04/08/2032
05/01/2032,05/04/2032,05/07/2032
06/01/2032,06/03/2032,06/08/2032
07/01/2032,07/06/2032,07/09/2032
08/01/2032,08/03/2032,08/06/2032
09/01/2032,09/03/2032,09/09/2032
10/01/2032,10/05/2032,10/08/2032
11/01/2032,11/03/2032,11/08/2032
12/01/2032,12/03/2032,12/08/2032
01/01/2033,01/04/2033,01/07/2033
02/01/2033,02/03/2033,02/08/2033
03/01/2033,03/03/2033,03/08/2033
04/01/2033,04/05/2033,04/08/2033
05/01/2033,05/03/2033,05/06/2033
06/01/2033,06/03/2033,06/08/2033
07/01/2033,07/06/2033,07/11/2033
08/01/2033,08/03/2033,08/08/2033
09/01/2033,09/06/2033,09/09/2033
10/01/2033,10/04/2033,10/07/2033
11/01/2033,11/03/2033,11/08/2033
12/01/2033,12/05/2033,12/08/2033
01/01/2034,01/04/2034,01/09/2034
02/01/2034,02/03/2034,02/08/2034
03/01/2034,03/03/2034,03/08/2034
04/01/2034,04/04/2034,04/07/2034
05/01/2034,05/03/2034,05/08/2034
06/01/2034,06/05/2034,06/08/2034
07/01/2034,07/05/2034,07/10/2034
08/01/2034,08/03/2034,08/08/2034
09/01/2034,09/06/2034,09/11/2034
10/01/2034,10/03/2034,10/06/2034
11/01/2034,11/03/2034,11/08/2034
12/01/2034,12/05/2034,12/08/2034
01/01/2035,01/03/2035,01/08/2035
02/01/2035,02/05/2035,02/08/2035
03/01/2035,03/05/2035,03/08/2035
04/01/2035,04/03/2035,04/06/2035
05/01/2035,05/03/2035,05/08/2035
06/01/2035,06/05/2035,06/08/2035
07/01/2035,07/03/2035,07/09/2035
08/01/2035,08/03/2035,08/08/2035
09/01/2035,09/05/2035,09/10/2035
10/01/2035,10/03/2035,10/08/2035
11/01/2035,11/05/2035,11/08/2035
12/01/2035,12/04/2035,12/07/2035
01/01/2036,01/03/2036,01/08/2036
02/01/2036,02/05/2036,02/08/2036
03/01/2036,03/04/2036,03/07/2036
04/01/2036,04/03/2036,04/08/2036
05/01/2036,05/05/2036,05/08/2036
06/01/2036,06/03/2036,06/06/2036
07/01/2036,07/03/2036,07/09/2036
08/01/2036,08/05/2036,08/08/2036
09/01/2036,09/03/2036,09/08/2036
10/01/2036,10/03/2036,10/08/2036
11/01/2036,11/04/2036,11/07/2036
12/01/2036,12/03/2036,12/08/2036
01/01/2037,01/05/2037,01/08/2037
02/01/2037,02/03/2037,02/06/2037
03/01/2037,03/03/2037,03/06/2037
04/01/2037,04/03/2037,04/08/2037
05/01/2037,05/05/2037,05/08/2037
06/01/2037,06/03/2037,06/08/2037
07/01/2037,07/06/2037,07/09/2037
08/01/2037,08/04/2037,08/07/2037
09/01/2037,09/03/2037,09/09/2037
10/01/2037,10/05/2037,10/08/2037
11/01/2037,11/03/2037,11/06/2037
12/01/2037,12/03/2037,12/08/2037
01/01/2038,01/05/2038,01/08/2038
02/01/2038,02/03/2038,02/08/2038
03/01/2038,03/03/2038,03/08/2038
04/01/2038,04/05/2038,04/08/2038
05/01/2038,05/04/2038,05/07/2038
06/01/2038,06/03/2038,06/08/2038
07/01/2038,07/06/2038,07/09/2038
08/01/2038,08/03/2038,08/06/2038
09/01/2038,09/03/2038,09/09/2038
10/01/2038,10/05/2038,10/08/2038
11/01/2038,11/03/2038,11/08/2038
12/01/2038,12/03/2038,12/08/2038
01/01/2039,01/04/2039,01/07/2039
02/01/2039,02/03/2039,02/08/2039
03/01/2039,03/03/2039,03/08/2039
04/01/2039,04/05/2039,04/08/2039
05/01/2039,05/03/2039,05/06/2039
06/01/2039,06/03/2039,06/08/2039
07/01/2039,07/06/2039,07/11/2039
08/01/2039,08/03/2039,08/08/2039
09/01/2039,09/06/2039,09/09/2039
10/01/2039,10/04/2039,10/07/2039
11/01/2039,11/03/2039,11/08/2039
12/01/2039,12/05/2039,12/08/2039
01/01/2040,01/04/2040,01/09/2040
02/01/2040,02/03/2040,02/08/2040
03/01/2040,03/05/2040,03/08/2040
04/01/2040,04/03/2040,04/06/2040
05/01/2040,05/03/2040,05/08/2040
06/01/2040,06/05/2040,06/08/2040
07/01/2040,07/03/2040,07/09/2040
08/01/2040,08/03/2040,08/08/2040
09/01/2040,09/05/2040,09/10/2040
10/01/2040,10/03/2040,10/08/2040
11/01/2040,11/05/2040,11/08/2040
12/01/2040,12/04/2040,12/07/2040
01/01/2041,01/03/2041,01/08/2041
02/01/2041,02/05/2041,02/08/2041
03/01/2041,03/05/2041,03/08/2041
04/01/2041,04/03/2041,04/08/2041
05/01/2041,05/03/2041,05/08/2041
06/01/2041,06/04/2041,06/07/2041
07/01/2041,07/03/2041,07/09/2041
08/01/2041,08/05/2041,08/08/2041
09/01/2041,09/04/2041,09/09/2041
10/01/2041,10/03/2041,10/08/2041
11/01/2041,11/05/2041,11/08/2041
12/01/2041,12/03/2041,12/06/2041
01/01/2042,01/03/2042,01/08/2042
02/01/2042,02/04/2042,02/07/2042
03/01/2042,03/04/2042,03/07/2042
04/01/2042,04/03/2042,04/08/2042
05/01/2042,05/05/2042,05/08/2042
06/01/2042,06/03/2042,06/06/2042
07/01/2042,07/03/2042,07/09/2042
08/01/2042,08/05/2042,08/08/2042
09/01/2042,09/03/2042,09/08/2042
10/01/2042,10/03/2042,10/08/2042
11/01/2042,11/04/2042,11/07/2042
12/01/2042,12/03/2042,12/08/2042
01/01/2043,01/05/2043,01/08/2043
02/01/2043,02/03/2043,02/06/2043
03/01/2043,03/03/2043,03/06/2043
04/01/2043,04/03/2043,04/08/2043
05/01/2043,05/05/2043,05/08/2043
06/01/2043,06/03/2043,06/08/2043
07/01/2043,07/06/2043,07/09/2043
08/01/2043,08/04/2043,08/07/2043
09/01/2043,09/03/2043,09/09/2043
10/01/2043,10/05/2043,10/08/2043
11/01/2043,11/03/2043,11/06/2043
12/01/2043,12/03/2043,12/08/2043
01/01/2044,01/05/2044,01/08/2044
02/01/2044,02/03/2044,02/08/2044
03/01/2044,03/03/2044,03/08/2044
04/01/2044,04/05/2044,04/08/2044
05/01/2044,05/03/2044,05/06/2044
06/01/2044,06/03/2044,06/08/2044
07/01/2044,07/06/2044,07/11/2044
08/01/2044,08/03/2044,08/08/2044
09/01/2044,09/06/2044,09/09/2044
10/01/2044,10/04/2044,10/07/2044
11/01/2044,11/03/2044,11/08/2044
12/01/2044,12/05/2044,12/08/2044
01/01/2045,01/04/2045,01/09/2045
02/01/2045,02/03/2045,02/08/2045
03/01/2045,03/03/2045,03/08/2045
04/01/2045,04/04/2045,04/07/2045
05/01/2045,05/03/2045,05/08/2045
06/01/2045,06/05/2045,06/08/2045
07/01/2045,07/05/2045,07/10/2045
08/01/2045,08/03/2045,08/08/2045
09/01/2045,09/06/2045,09/11/2045
10/01/2045,10/03/2045,10/06/2045
11/01/2045,11/03/2045,11/08/2045
12/01/2045,12/05/2045,12/08/2045
01/01/2046,01/03/2046,01/08/2046
02/01/2046,02/05/2046,02/08/2046
03/01/2046,03/05/2046,03/08/2046
04/01/2046,04/03/2046,04/06/2046
05/01/2046,05/03/2046,05/08/2046
06/01/2046,06/05/2046,06/08/2046
07/01/2046,07/03/2046,07/09/2046
08/01/2046,08/03/2046,08/08/2046
09/01/2046,09/05/2046,09/10/2046
10/01/2046,10/03/2046,10/08/2046
11/01/2046,11/05/2046,11/08/2046
12/01/2046,12/04/2046,12/07/2046
01/01/2047,01/03/2047,01/08/2047
02/01/2047,02/05/2047,02/08/2047
03/01/2047,03/05/2047,03/08/2047
04/01/2047,04/03/2047,04/08/2047
05/01/2047,05/03/2047,05/08/2047
06/01/2047,06/04/2047,06/07/2047
07/01/2047,07/03/2047,07/09/2047
08/01/2047,08/05/2047,08/08/2047
09/01/2047,09/04/2047,09/09/2047
10/01/2047,10/03/2047,10/08/2047
11/01/2047,11/05/2047,11/08/2047
12/01/2047,12/03/2047,12/06/2047
01/01/2048,01/03/2048,01/08/2048
02/01/2048,02/04/2048,02/07/2048
03/01/2048,03/03/2048,03/06/2048
04/01/2048,04/03/2048,04/08/2048
05/01/2048,05/05/2048,05/08/2048
06/01/2048,06/03/2048,06/08/2048
07/01/2048,07/06/2048,07/09/2048
08/01/2048,08/04/2048,08/07/2048
09/01/2048,09/03/2048,09/09/2048
10/01/2048,10/05/2048,10/08/2048
11/01/2048,11/03/2048,11/06/2048
12/01/2048,12/03/2048,12/08/2048
01/01/2049,01/05/2049,01/08/2049
02/01/2049,02/03/2049,02/08/2049
03/01/2049,03/03/2049,03/08/2049
04/01/2049,04/05/2049,04/08/2049
05/01/2049,05/04/2049,05/07/2049
06/01/2049,06/03/2049,06/08/2049
07/01/2049,07/06/2049,07/09/2049
08/01/2049,08/03/2049,08/06/2049
09/01/2049,09/03/2049,09/09/2049
10/01/2049,10/05/2049,10/08/2049
11/01/2049,11/03/2049,11/08/2049
12/01/2049,12/03/2049,12/08/2049
01/01/2050,01/04/2050,01/07/2050
02/01/2050,02/03/2050,02/08/2050
03/01/2050,03/03/2050,03/08/2050
04/01/2050,04/05/2050,04/08/2050
05/01/2050,05/03/2050,05/06/2050
06/01/2050,06/03/2050,06/08/2050
07/01/2050,07/06/2050,07/11/2050
08/01/2050,08/03/2050,08/08/2050
09/01/2050,09/06/2050,09/09/2050
10/01/2050,10/04/2050,10/07/2050
11/01/2050,11/03/2050,11/08/2050
12/02/2050,12/06/2050,12/09/2050